{"108785631":{"data":{"ambient":[0.7,0.7,0.7],"blendType":3,"cubeMapProjectionBox":{"center":[0,0,0],"halfExtents":[0.5,0.5,0.5]},"diffuse":[0.7,0.7,0.7],"emissive":[0,0,0],"opacity":1,"shader":"phong","shininess":32,"specular":[0.707,0.707,0.707],"useFog":true,"useLighting":true,"useSkybox":true,"useGammaTonemap":true,"alphaToCoverage":false,"opacityFadesSpecular":true,"alphaFade":1,"clearCoat":0,"clearCoatMap":null,"clearCoatMapChannel":"r","clearCoatMapUv":0,"clearCoatMapTiling":[1,1],"clearCoatMapOffset":[0,0],"clearCoatVertexColor":false,"clearCoatVertexColorChannel":"r","clearCoatGlossiness":1,"clearCoatGlossMap":null,"clearCoatGlossMapChannel":"r","clearCoatGlossMapUv":0,"clearCoatGlossMapTiling":[1,1],"clearCoatGlossMapOffset":[0,0],"clearCoatGlossVertexColor":false,"clearCoatGlossVertexColorChannel":"r","clearCoatBumpiness":1,"clearCoatNormalMap":null,"clearCoatNormalMapUv":0,"clearCoatNormalMapTiling":[1,1],"clearCoatNormalMapOffset":[0,0]},"file":null,"has_thumbnail":false,"migrated_material":true,"name":"Default","path":[],"preload":true,"revision":1,"scope":{"type":"project","id":1003175},"source":false,"source_asset_id":"108785640","tags":[],"task":null,"type":"material","user_id":19728,"branch_id":"f2b64d74-8ca2-4be6-a170-319e998df3f5","i18n":{},"_type":"http://sharejs.org/types/JSONv0","_v":1,"_m":{"mtime":1667309763927,"ctime":1667309763606},"_o":"636120c38908b10acf2b250b","id":"108785631"},"108785632":{"data":{"ambient":[1,0.588235,0.176471],"blendType":3,"cubeMapProjectionBox":{"center":[0,0,0],"halfExtents":[0.5,0.5,0.5]},"diffuse":[1,0.588235,0.176471],"emissive":[0,0,0],"opacity":1,"shader":"phong","shininess":8,"specular":[0.027451,0.0156863,0.00392157],"useFog":true,"useLighting":true,"useSkybox":true,"useGammaTonemap":true,"alphaToCoverage":false,"opacityFadesSpecular":true,"alphaFade":1,"clearCoat":0,"clearCoatMap":null,"clearCoatMapChannel":"r","clearCoatMapUv":0,"clearCoatMapTiling":[1,1],"clearCoatMapOffset":[0,0],"clearCoatVertexColor":false,"clearCoatVertexColorChannel":"r","clearCoatGlossiness":1,"clearCoatGlossMap":null,"clearCoatGlossMapChannel":"r","clearCoatGlossMapUv":0,"clearCoatGlossMapTiling":[1,1],"clearCoatGlossMapOffset":[0,0],"clearCoatGlossVertexColor":false,"clearCoatGlossVertexColorChannel":"r","clearCoatBumpiness":1,"clearCoatNormalMap":null,"clearCoatNormalMapUv":0,"clearCoatNormalMapTiling":[1,1],"clearCoatNormalMapOffset":[0,0]},"file":null,"has_thumbnail":false,"migrated_material":true,"name":"Pumpkin Inside","path":[],"preload":true,"revision":1,"scope":{"type":"project","id":1003175},"source":false,"source_asset_id":"108785640","tags":[],"task":null,"type":"material","user_id":19728,"branch_id":"f2b64d74-8ca2-4be6-a170-319e998df3f5","i18n":{},"_type":"http://sharejs.org/types/JSONv0","_v":1,"_m":{"mtime":1667309763928,"ctime":1667309763606},"_o":"636120c38908b18a722b250c","id":"108785632"},"108785633":{"data":{"ambient":[1,0.192157,0],"blendType":3,"cubeMapProjectionBox":{"center":[0,0,0],"halfExtents":[0.5,0.5,0.5]},"diffuseMap":108785637,"emissive":[0,0,0],"heightMapFactor":1,"normalOffsetBias":0,"opacity":1,"shader":"phong","shininess":16,"specular":[0.0666667,0.0117647,0],"useFog":true,"useLighting":true,"useSkybox":true,"useGammaTonemap":true,"alphaToCoverage":false,"opacityFadesSpecular":true,"alphaFade":1,"clearCoat":0,"clearCoatMap":null,"clearCoatMapChannel":"r","clearCoatMapUv":0,"clearCoatMapTiling":[1,1],"clearCoatMapOffset":[0,0],"clearCoatVertexColor":false,"clearCoatVertexColorChannel":"r","clearCoatGlossiness":1,"clearCoatGlossMap":null,"clearCoatGlossMapChannel":"r","clearCoatGlossMapUv":0,"clearCoatGlossMapTiling":[1,1],"clearCoatGlossMapOffset":[0,0],"clearCoatGlossVertexColor":false,"clearCoatGlossVertexColorChannel":"r","clearCoatBumpiness":1,"clearCoatNormalMap":null,"clearCoatNormalMapUv":0,"clearCoatNormalMapTiling":[1,1],"clearCoatNormalMapOffset":[0,0]},"file":null,"has_thumbnail":false,"migrated_material":true,"name":"Pumpkin Skin","path":[],"preload":true,"revision":1,"scope":{"type":"project","id":1003175},"source":false,"source_asset_id":"108785640","tags":[],"task":null,"type":"material","user_id":19728,"branch_id":"f2b64d74-8ca2-4be6-a170-319e998df3f5","i18n":{},"_type":"http://sharejs.org/types/JSONv0","_v":1,"_m":{"mtime":1667309763926,"ctime":1667309763606},"_o":"636120c38908b185782b250a","id":"108785633"},"108785634":{"data":{"ambient":[0.333333,0.160784,0.0470588],"blendType":3,"cubeMapProjectionBox":{"center":[0,0,0],"halfExtents":[0.5,0.5,0.5]},"diffuseMap":108785636,"emissive":[0,0,0],"opacity":1,"shader":"phong","shininess":8,"specular":[0.00784314,0.00392157,0],"useFog":true,"useLighting":true,"useSkybox":true,"useGammaTonemap":true,"alphaToCoverage":false,"opacityFadesSpecular":true,"alphaFade":1,"clearCoat":0,"clearCoatMap":null,"clearCoatMapChannel":"r","clearCoatMapUv":0,"clearCoatMapTiling":[1,1],"clearCoatMapOffset":[0,0],"clearCoatVertexColor":false,"clearCoatVertexColorChannel":"r","clearCoatGlossiness":1,"clearCoatGlossMap":null,"clearCoatGlossMapChannel":"r","clearCoatGlossMapUv":0,"clearCoatGlossMapTiling":[1,1],"clearCoatGlossMapOffset":[0,0],"clearCoatGlossVertexColor":false,"clearCoatGlossVertexColorChannel":"r","clearCoatBumpiness":1,"clearCoatNormalMap":null,"clearCoatNormalMapUv":0,"clearCoatNormalMapTiling":[1,1],"clearCoatNormalMapOffset":[0,0]},"file":null,"has_thumbnail":false,"migrated_material":true,"name":"Pumpkin Stem","path":[],"preload":true,"revision":1,"scope":{"type":"project","id":1003175},"source":false,"source_asset_id":"108785640","tags":[],"task":null,"type":"material","user_id":19728,"branch_id":"f2b64d74-8ca2-4be6-a170-319e998df3f5","i18n":{},"_type":"http://sharejs.org/types/JSONv0","_v":1,"_m":{"mtime":1667309763932,"ctime":1667309763606},"_o":"636120c38908b156e52b2511","id":"108785634"},"108785635":{"data":{"mapping":[{"material":108785634},{"material":108785632},{"material":108785633},{"material":108785632},{"material":108785633},{"material":108785631}]},"file":{"filename":"Pumpkin.json","hash":"d112a49c7bbad97d2f8a0730ea7d1262","size":1091477},"has_thumbnail":false,"migrated_material":true,"name":"Pumpkin","path":[],"preload":true,"revision":1,"scope":{"type":"project","id":1003175},"source":false,"source_asset_id":"108785640","tags":[],"task":null,"type":"model","user_id":19728,"branch_id":"f2b64d74-8ca2-4be6-a170-319e998df3f5","i18n":{},"_type":"http://sharejs.org/types/JSONv0","_v":1,"_m":{"mtime":1667309763933,"ctime":1667309763606},"_o":"636120c38908b172fe2b250f","id":"108785635"},"108785636":{"data":{"addressu":"repeat","addressv":"repeat","anisotropy":1,"magfilter":"linear","minfilter":"linear_mip_linear","name":"P_skin","rgbm":false,"mipmaps":true},"file":{"size":125977,"hash":"c72dab6d3fc55636f9b8807e47baeb23","filename":"P_skin.jpg"},"has_thumbnail":true,"migrated_material":true,"name":"P_skin","path":[],"preload":true,"revision":1,"scope":{"type":"project","id":1003175},"source":false,"source_asset_id":"108785639","tags":[],"task":null,"type":"texture","user_id":19728,"branch_id":"f2b64d74-8ca2-4be6-a170-319e998df3f5","i18n":{},"_type":"http://sharejs.org/types/JSONv0","_v":1,"_m":{"mtime":1667309764258,"ctime":1667309763606},"_o":"636120c46b348409450adc1a","id":"108785636"},"108785637":{"data":{"addressu":"repeat","addressv":"repeat","anisotropy":1,"magfilter":"linear","minfilter":"linear_mip_linear","name":"P_skin","rgbm":false,"mipmaps":true},"file":{"size":125977,"hash":"d5d72c9c07ab9e54cc8df1a145f883a0","filename":"P_skin.jpg"},"has_thumbnail":true,"migrated_material":true,"name":"P_skin","path":[],"preload":true,"revision":1,"scope":{"type":"project","id":1003175},"source":false,"source_asset_id":"108785638","tags":[],"task":null,"type":"texture","user_id":19728,"branch_id":"f2b64d74-8ca2-4be6-a170-319e998df3f5","i18n":{},"_type":"http://sharejs.org/types/JSONv0","_v":1,"_m":{"mtime":1667309764215,"ctime":1667309763606},"_o":"636120c46b34842e940adc19","id":"108785637"},"108785638":{"data":null,"file":{"size":475347,"hash":"7ec4958a0864edd7b77487e614e030c8","filename":"P_skin.JPG"},"has_thumbnail":true,"migrated_material":true,"name":"P_skin","path":[],"preload":false,"revision":1,"scope":{"type":"project","id":1003175},"source":true,"source_asset_id":null,"tags":[],"task":null,"type":"texture","user_id":19728,"branch_id":"f2b64d74-8ca2-4be6-a170-319e998df3f5","i18n":{},"_type":"http://sharejs.org/types/JSONv0","_v":1,"_m":{"mtime":1667309764310,"ctime":1667309763606},"_o":"636120c46b3484e9000adc1b","id":"108785638"},"108785639":{"data":null,"file":{"size":475347,"hash":"856f05f00eca5020393cb747b9405b7f","filename":"P_skin.JPG"},"has_thumbnail":true,"migrated_material":true,"name":"P_skin","path":[],"preload":false,"revision":1,"scope":{"type":"project","id":1003175},"source":true,"source_asset_id":null,"tags":[],"task":null,"type":"texture","user_id":19728,"branch_id":"f2b64d74-8ca2-4be6-a170-319e998df3f5","i18n":{},"_type":"http://sharejs.org/types/JSONv0","_v":1,"_m":{"mtime":1667309764121,"ctime":1667309763606},"_o":"636120c46b34843f060adc18","id":"108785639"},"108785640":{"data":null,"file":{"size":1114976,"hash":"631fdfc57ce24144a8d1fc3848657ec8","filename":"Pumpkin.fbx"},"has_thumbnail":false,"migrated_material":true,"name":"Pumpkin","path":[],"preload":false,"revision":1,"scope":{"type":"project","id":1003175},"source":true,"source_asset_id":null,"tags":[],"task":null,"type":"scene","user_id":19728,"branch_id":"f2b64d74-8ca2-4be6-a170-319e998df3f5","i18n":{},"_type":"http://sharejs.org/types/JSONv0","_v":1,"_m":{"mtime":1667309763999,"ctime":1667309763606},"_o":"636120c46b3484300e0adc17","id":"108785640"},"108785957":{"data":{"ambient":[0.588,0.588,0.588],"blendType":3,"bumpMapFactor":0.3,"cubeMapProjectionBox":{"center":[0,0,0],"halfExtents":[0.5,0.5,0.5]},"diffuseMap":108785970,"emissiveMap":108785973,"normalMap":108785971,"opacity":1,"reflectivity":0.2,"shader":"phong","shininess":1024,"specular":[0.9,0.9,0.9],"sphereMap":108785963,"useFog":true,"useLighting":true,"useSkybox":true,"useGammaTonemap":true,"alphaToCoverage":false,"opacityFadesSpecular":true,"alphaFade":1,"clearCoat":0,"clearCoatMap":null,"clearCoatMapChannel":"r","clearCoatMapUv":0,"clearCoatMapTiling":[1,1],"clearCoatMapOffset":[0,0],"clearCoatVertexColor":false,"clearCoatVertexColorChannel":"r","clearCoatGlossiness":1,"clearCoatGlossMap":null,"clearCoatGlossMapChannel":"r","clearCoatGlossMapUv":0,"clearCoatGlossMapTiling":[1,1],"clearCoatGlossMapOffset":[0,0],"clearCoatGlossVertexColor":false,"clearCoatGlossVertexColorChannel":"r","clearCoatBumpiness":1,"clearCoatNormalMap":null,"clearCoatNormalMapUv":0,"clearCoatNormalMapTiling":[1,1],"clearCoatNormalMapOffset":[0,0]},"file":null,"has_thumbnail":false,"migrated_material":true,"name":"Playbot_arm","path":[],"preload":true,"revision":1,"scope":{"type":"project","id":1003175},"source":false,"source_asset_id":"108785988","tags":[],"task":null,"type":"material","user_id":12,"branch_id":"f2b64d74-8ca2-4be6-a170-319e998df3f5","i18n":{},"_type":"http://sharejs.org/types/JSONv0","_v":1,"_m":{"mtime":1667310214469,"ctime":1667310214135},"_o":"636122868908b181c62b41e0","id":"108785957"},"108785958":{"data":{"ambient":[0.588,0.588,0.588],"blendType":3,"bumpMapFactor":0.3,"cubeMapProjectionBox":{"center":[0,0,0],"halfExtents":[0.5,0.5,0.5]},"diffuseMap":108785969,"emissiveMap":108785966,"normalMap":108785965,"opacity":1,"reflectivity":0.2,"shader":"phong","shininess":1024,"specular":[0.9,0.9,0.9],"sphereMap":108785963,"useFog":true,"useLighting":true,"useSkybox":true,"useGammaTonemap":true,"alphaToCoverage":false,"opacityFadesSpecular":true,"alphaFade":1,"clearCoat":0,"clearCoatMap":null,"clearCoatMapChannel":"r","clearCoatMapUv":0,"clearCoatMapTiling":[1,1],"clearCoatMapOffset":[0,0],"clearCoatVertexColor":false,"clearCoatVertexColorChannel":"r","clearCoatGlossiness":1,"clearCoatGlossMap":null,"clearCoatGlossMapChannel":"r","clearCoatGlossMapUv":0,"clearCoatGlossMapTiling":[1,1],"clearCoatGlossMapOffset":[0,0],"clearCoatGlossVertexColor":false,"clearCoatGlossVertexColorChannel":"r","clearCoatBumpiness":1,"clearCoatNormalMap":null,"clearCoatNormalMapUv":0,"clearCoatNormalMapTiling":[1,1],"clearCoatNormalMapOffset":[0,0]},"file":null,"has_thumbnail":false,"migrated_material":true,"name":"Playbot_leg","path":[],"preload":true,"revision":1,"scope":{"type":"project","id":1003175},"source":false,"source_asset_id":"108785988","tags":[],"task":null,"type":"material","user_id":12,"branch_id":"f2b64d74-8ca2-4be6-a170-319e998df3f5","i18n":{},"_type":"http://sharejs.org/types/JSONv0","_v":1,"_m":{"mtime":1667310214465,"ctime":1667310214135},"_o":"636122868908b122582b41de","id":"108785958"},"108785959":{"data":{"ambient":[0.588,0.588,0.588],"blendType":3,"bumpMapFactor":0.3,"cubeMapProjectionBox":{"center":[0,0,0],"halfExtents":[0.5,0.5,0.5]},"diffuseMap":108785964,"emissiveMap":108785967,"normalMap":108785968,"opacity":1,"reflectivity":0.2,"shader":"phong","shininess":1024,"specular":[0.9,0.9,0.9],"sphereMap":108785963,"useFog":true,"useLighting":true,"useSkybox":true,"useGammaTonemap":true,"alphaToCoverage":false,"opacityFadesSpecular":true,"alphaFade":1,"clearCoat":0,"clearCoatMap":null,"clearCoatMapChannel":"r","clearCoatMapUv":0,"clearCoatMapTiling":[1,1],"clearCoatMapOffset":[0,0],"clearCoatVertexColor":false,"clearCoatVertexColorChannel":"r","clearCoatGlossiness":1,"clearCoatGlossMap":null,"clearCoatGlossMapChannel":"r","clearCoatGlossMapUv":0,"clearCoatGlossMapTiling":[1,1],"clearCoatGlossMapOffset":[0,0],"clearCoatGlossVertexColor":false,"clearCoatGlossVertexColorChannel":"r","clearCoatBumpiness":1,"clearCoatNormalMap":null,"clearCoatNormalMapUv":0,"clearCoatNormalMapTiling":[1,1],"clearCoatNormalMapOffset":[0,0]},"file":null,"has_thumbnail":false,"migrated_material":true,"name":"Playbot_body","path":[],"preload":true,"revision":1,"scope":{"type":"project","id":1003175},"source":false,"source_asset_id":"108785988","tags":[],"task":null,"type":"material","user_id":12,"branch_id":"f2b64d74-8ca2-4be6-a170-319e998df3f5","i18n":{},"_type":"http://sharejs.org/types/JSONv0","_v":1,"_m":{"mtime":1667310214468,"ctime":1667310214135},"_o":"636122868908b10f572b41df","id":"108785959"},"108785960":{"data":{"ambient":[0.588,0.588,0.588],"blendType":3,"bumpMapFactor":0.3,"cubeMapProjectionBox":{"center":[0,0,0],"halfExtents":[0.5,0.5,0.5]},"diffuseMap":108785972,"emissiveMap":108785974,"normalMap":108785962,"opacity":1,"reflectivity":0.2,"shader":"phong","shininess":1024,"specular":[0.9,0.9,0.9],"sphereMap":108785963,"useFog":true,"useLighting":true,"useSkybox":true,"useGammaTonemap":true,"alphaToCoverage":false,"opacityFadesSpecular":true,"alphaFade":1,"clearCoat":0,"clearCoatMap":null,"clearCoatMapChannel":"r","clearCoatMapUv":0,"clearCoatMapTiling":[1,1],"clearCoatMapOffset":[0,0],"clearCoatVertexColor":false,"clearCoatVertexColorChannel":"r","clearCoatGlossiness":1,"clearCoatGlossMap":null,"clearCoatGlossMapChannel":"r","clearCoatGlossMapUv":0,"clearCoatGlossMapTiling":[1,1],"clearCoatGlossMapOffset":[0,0],"clearCoatGlossVertexColor":false,"clearCoatGlossVertexColorChannel":"r","clearCoatBumpiness":1,"clearCoatNormalMap":null,"clearCoatNormalMapUv":0,"clearCoatNormalMapTiling":[1,1],"clearCoatNormalMapOffset":[0,0]},"file":null,"has_thumbnail":false,"migrated_material":true,"name":"Playbot_head","path":[],"preload":true,"revision":1,"scope":{"type":"project","id":1003175},"source":false,"source_asset_id":"108785988","tags":[],"task":null,"type":"material","user_id":12,"branch_id":"f2b64d74-8ca2-4be6-a170-319e998df3f5","i18n":{},"_type":"http://sharejs.org/types/JSONv0","_v":1,"_m":{"mtime":1667310214463,"ctime":1667310214135},"_o":"636122868908b134222b41dd","id":"108785960"},"108785961":{"data":{"mapping":[{"material":108785960},{"material":108785959},{"material":108785957},{"material":108785958}]},"file":{"filename":"Playbot.json","hash":"6747d705d08ac886476cde395cadaffe","size":1031565},"has_thumbnail":false,"migrated_material":true,"name":"Playbot","path":[],"preload":true,"revision":1,"scope":{"type":"project","id":1003175},"source":false,"source_asset_id":"108785988","tags":[],"task":null,"type":"model","user_id":12,"branch_id":"f2b64d74-8ca2-4be6-a170-319e998df3f5","i18n":{},"_type":"http://sharejs.org/types/JSONv0","_v":1,"_m":{"mtime":1667310214583,"ctime":1667310214135},"_o":"636122866b3484728c0adc2a","id":"108785961"},"108785962":{"data":{"addressu":"repeat","addressv":"repeat","anisotropy":1,"magfilter":"linear","minfilter":"linear_mip_linear","name":"head_N_clean","rgbm":false,"mipmaps":true},"file":{"size":29941,"hash":"3243be75cf976fce0cd55685a454a31e","filename":"head_N_clean.png"},"has_thumbnail":true,"migrated_material":true,"name":"head_N_clean","path":[],"preload":true,"revision":1,"scope":{"type":"project","id":1003175},"source":false,"source_asset_id":"108785985","tags":[],"task":null,"type":"texture","user_id":12,"branch_id":"f2b64d74-8ca2-4be6-a170-319e998df3f5","i18n":{},"_type":"http://sharejs.org/types/JSONv0","_v":1,"_m":{"mtime":1667310215039,"ctime":1667310214135},"_o":"636122876b34847f8c0adc46","id":"108785962"},"108785963":{"data":{"addressu":"repeat","addressv":"repeat","anisotropy":1,"magfilter":"linear","minfilter":"linear_mip_linear","name":"env_01","rgbm":false,"mipmaps":true},"file":{"size":154474,"hash":"4cc0aa1053fc450a24412f1485f9cceb","filename":"env_01.png"},"has_thumbnail":true,"migrated_material":true,"name":"env_01","path":[],"preload":true,"revision":1,"scope":{"type":"project","id":1003175},"source":false,"source_asset_id":"108785984","tags":[],"task":null,"type":"texture","user_id":12,"branch_id":"f2b64d74-8ca2-4be6-a170-319e998df3f5","i18n":{},"_type":"http://sharejs.org/types/JSONv0","_v":1,"_m":{"mtime":1667310215136,"ctime":1667310214135},"_o":"636122876b348467fa0adc53","id":"108785963"},"108785964":{"data":{"addressu":"repeat","addressv":"repeat","anisotropy":1,"magfilter":"linear","minfilter":"linear_mip_linear","name":"body_clean","rgbm":false,"mipmaps":true},"file":{"size":399905,"hash":"bbcff68b892bbc35ad6a8547f6213356","filename":"body_clean.png"},"has_thumbnail":true,"migrated_material":true,"name":"body_clean","path":[],"preload":true,"revision":1,"scope":{"type":"project","id":1003175},"source":false,"source_asset_id":"108785983","tags":[],"task":null,"type":"texture","user_id":12,"branch_id":"f2b64d74-8ca2-4be6-a170-319e998df3f5","i18n":{},"_type":"http://sharejs.org/types/JSONv0","_v":1,"_m":{"mtime":1667310215095,"ctime":1667310214135},"_o":"636122876b348464030adc4f","id":"108785964"},"108785965":{"data":{"addressu":"repeat","addressv":"repeat","anisotropy":1,"magfilter":"linear","minfilter":"linear_mip_linear","name":"leg_N_clean","rgbm":false,"mipmaps":true},"file":{"size":6330,"hash":"04142a890e2113961017710357008ebf","filename":"leg_N_clean.png"},"has_thumbnail":true,"migrated_material":true,"name":"leg_N_clean","path":[],"preload":true,"revision":1,"scope":{"type":"project","id":1003175},"source":false,"source_asset_id":"108785975","tags":[],"task":null,"type":"texture","user_id":12,"branch_id":"f2b64d74-8ca2-4be6-a170-319e998df3f5","i18n":{},"_type":"http://sharejs.org/types/JSONv0","_v":1,"_m":{"mtime":1667310214999,"ctime":1667310214135},"_o":"636122876b3484ecad0adc45","id":"108785965"},"108785966":{"data":{"addressu":"repeat","addressv":"repeat","anisotropy":1,"magfilter":"linear","minfilter":"linear_mip_linear","name":"leg_E","rgbm":false,"mipmaps":true},"file":{"size":304,"hash":"faaef1bd2545b7d5b628c83ddf8995ff","filename":"leg_E.png"},"has_thumbnail":true,"migrated_material":true,"name":"leg_E","path":[],"preload":true,"revision":1,"scope":{"type":"project","id":1003175},"source":false,"source_asset_id":"108785976","tags":[],"task":null,"type":"texture","user_id":12,"branch_id":"f2b64d74-8ca2-4be6-a170-319e998df3f5","i18n":{},"_type":"http://sharejs.org/types/JSONv0","_v":1,"_m":{"mtime":1667310215054,"ctime":1667310214135},"_o":"636122876b348410890adc4c","id":"108785966"},"108785967":{"data":{"addressu":"repeat","addressv":"repeat","anisotropy":1,"magfilter":"linear","minfilter":"linear_mip_linear","name":"body_E","rgbm":false,"mipmaps":true},"file":{"size":37262,"hash":"2bc986b079239bcc50825f65b8f7d194","filename":"body_E.png"},"has_thumbnail":true,"migrated_material":true,"name":"body_E","path":[],"preload":true,"revision":1,"scope":{"type":"project","id":1003175},"source":false,"source_asset_id":"108785982","tags":[],"task":null,"type":"texture","user_id":12,"branch_id":"f2b64d74-8ca2-4be6-a170-319e998df3f5","i18n":{},"_type":"http://sharejs.org/types/JSONv0","_v":1,"_m":{"mtime":1667310215189,"ctime":1667310214135},"_o":"636122876b348449910adc59","id":"108785967"},"108785968":{"data":{"addressu":"repeat","addressv":"repeat","anisotropy":1,"magfilter":"linear","minfilter":"linear_mip_linear","name":"body_N_clean","rgbm":false,"mipmaps":true},"file":{"size":92696,"hash":"bb5b2db8785a20428d42750b4dd0961c","filename":"body_N_clean.png"},"has_thumbnail":true,"migrated_material":true,"name":"body_N_clean","path":[],"preload":true,"revision":1,"scope":{"type":"project","id":1003175},"source":false,"source_asset_id":"108785981","tags":[],"task":null,"type":"texture","user_id":12,"branch_id":"f2b64d74-8ca2-4be6-a170-319e998df3f5","i18n":{},"_type":"http://sharejs.org/types/JSONv0","_v":1,"_m":{"mtime":1667310215046,"ctime":1667310214135},"_o":"636122876b3484735c0adc48","id":"108785968"},"108785969":{"data":{"addressu":"repeat","addressv":"repeat","anisotropy":1,"magfilter":"linear","minfilter":"linear_mip_linear","name":"leg_clean","rgbm":false,"mipmaps":true},"file":{"size":88728,"hash":"28dfda30cdcfc2431bf899982e897998","filename":"leg_clean.png"},"has_thumbnail":true,"migrated_material":true,"name":"leg_clean","path":[],"preload":true,"revision":1,"scope":{"type":"project","id":1003175},"source":false,"source_asset_id":"108785977","tags":[],"task":null,"type":"texture","user_id":12,"branch_id":"f2b64d74-8ca2-4be6-a170-319e998df3f5","i18n":{},"_type":"http://sharejs.org/types/JSONv0","_v":1,"_m":{"mtime":1667310215093,"ctime":1667310214135},"_o":"636122876b348486100adc4e","id":"108785969"},"108785970":{"data":{"addressu":"repeat","addressv":"repeat","anisotropy":1,"magfilter":"linear","minfilter":"linear_mip_linear","name":"arm_clean","rgbm":false,"mipmaps":true},"file":{"size":119065,"hash":"8c7f9b3674f0672193b68331982455dd","filename":"arm_clean.png"},"has_thumbnail":true,"migrated_material":true,"name":"arm_clean","path":[],"preload":true,"revision":1,"scope":{"type":"project","id":1003175},"source":false,"source_asset_id":"108785980","tags":[],"task":null,"type":"texture","user_id":12,"branch_id":"f2b64d74-8ca2-4be6-a170-319e998df3f5","i18n":{},"_type":"http://sharejs.org/types/JSONv0","_v":1,"_m":{"mtime":1667310215155,"ctime":1667310214135},"_o":"636122876b348416660adc57","id":"108785970"},"108785971":{"data":{"addressu":"repeat","addressv":"repeat","anisotropy":1,"magfilter":"linear","minfilter":"linear_mip_linear","name":"arm_N_clean","rgbm":false,"mipmaps":true},"file":{"size":17571,"hash":"274aa7e432f6d58546025f76c402d6b4","filename":"arm_N_clean.png"},"has_thumbnail":true,"migrated_material":true,"name":"arm_N_clean","path":[],"preload":true,"revision":1,"scope":{"type":"project","id":1003175},"source":false,"source_asset_id":"108785978","tags":[],"task":null,"type":"texture","user_id":12,"branch_id":"f2b64d74-8ca2-4be6-a170-319e998df3f5","i18n":{},"_type":"http://sharejs.org/types/JSONv0","_v":1,"_m":{"mtime":1667310215231,"ctime":1667310214135},"_o":"636122876b348457a90adc5c","id":"108785971"},"108785972":{"data":{"addressu":"repeat","addressv":"repeat","anisotropy":1,"magfilter":"linear","minfilter":"linear_mip_linear","name":"head_clean","rgbm":false,"mipmaps":true},"file":{"size":278998,"hash":"55559bdcc4c3d07e8e3afaf66b28070f","filename":"head_clean.png"},"has_thumbnail":true,"migrated_material":true,"name":"head_clean","path":[],"preload":true,"revision":1,"scope":{"type":"project","id":1003175},"source":false,"source_asset_id":"108785987","tags":[],"task":null,"type":"texture","user_id":12,"branch_id":"f2b64d74-8ca2-4be6-a170-319e998df3f5","i18n":{},"_type":"http://sharejs.org/types/JSONv0","_v":1,"_m":{"mtime":1667310215046,"ctime":1667310214135},"_o":"636122876b3484204b0adc49","id":"108785972"},"108785973":{"data":{"addressu":"repeat","addressv":"repeat","anisotropy":1,"magfilter":"linear","minfilter":"linear_mip_linear","name":"arm_E","rgbm":false,"mipmaps":true},"file":{"size":14352,"hash":"4311d8d46c1ff420cb03825e431e4848","filename":"arm_E.png"},"has_thumbnail":true,"migrated_material":true,"name":"arm_E","path":[],"preload":true,"revision":1,"scope":{"type":"project","id":1003175},"source":false,"source_asset_id":"108785979","tags":[],"task":null,"type":"texture","user_id":12,"branch_id":"f2b64d74-8ca2-4be6-a170-319e998df3f5","i18n":{},"_type":"http://sharejs.org/types/JSONv0","_v":1,"_m":{"mtime":1667310215125,"ctime":1667310214135},"_o":"636122876b3484a7400adc52","id":"108785973"},"108785974":{"data":{"addressu":"repeat","addressv":"repeat","anisotropy":1,"magfilter":"linear","minfilter":"linear_mip_linear","name":"head_E","rgbm":false,"mipmaps":true},"file":{"size":2833,"hash":"4a823ddbca530f593160f98bdd9e87ab","filename":"head_E.png"},"has_thumbnail":true,"migrated_material":true,"name":"head_E","path":[],"preload":true,"revision":1,"scope":{"type":"project","id":1003175},"source":false,"source_asset_id":"108785986","tags":[],"task":null,"type":"texture","user_id":12,"branch_id":"f2b64d74-8ca2-4be6-a170-319e998df3f5","i18n":{},"_type":"http://sharejs.org/types/JSONv0","_v":1,"_m":{"mtime":1667310214997,"ctime":1667310214135},"_o":"636122876b348474760adc44","id":"108785974"},"108785975":{"data":null,"file":{"size":5468,"hash":"cdf310b7f6147f0de8f0c0019c8cb0b3","filename":"leg_N_clean.png"},"has_thumbnail":true,"migrated_material":true,"name":"leg_N_clean","path":[],"preload":false,"revision":1,"scope":{"type":"project","id":1003175},"source":true,"source_asset_id":null,"tags":[],"task":null,"type":"texture","user_id":12,"branch_id":"f2b64d74-8ca2-4be6-a170-319e998df3f5","i18n":{},"_type":"http://sharejs.org/types/JSONv0","_v":1,"_m":{"mtime":1667310215050,"ctime":1667310214135},"_o":"636122876b348441770adc4d","id":"108785975"},"108785976":{"data":null,"file":{"size":1910,"hash":"ff3230cc1addcab4c70a61a7a8d61b55","filename":"leg_E.png"},"has_thumbnail":true,"migrated_material":true,"name":"leg_E","path":[],"preload":false,"revision":1,"scope":{"type":"project","id":1003175},"source":true,"source_asset_id":null,"tags":[],"task":null,"type":"texture","user_id":12,"branch_id":"f2b64d74-8ca2-4be6-a170-319e998df3f5","i18n":{},"_type":"http://sharejs.org/types/JSONv0","_v":1,"_m":{"mtime":1667310215098,"ctime":1667310214135},"_o":"636122876b348444370adc51","id":"108785976"},"108785977":{"data":null,"file":{"size":85151,"hash":"41e049a6a352b3b9678041b6cefb0938","filename":"leg_clean.png"},"has_thumbnail":true,"migrated_material":true,"name":"leg_clean","path":[],"preload":false,"revision":1,"scope":{"type":"project","id":1003175},"source":true,"source_asset_id":null,"tags":[],"task":null,"type":"texture","user_id":12,"branch_id":"f2b64d74-8ca2-4be6-a170-319e998df3f5","i18n":{},"_type":"http://sharejs.org/types/JSONv0","_v":1,"_m":{"mtime":1667310215097,"ctime":1667310214135},"_o":"636122876b3484653c0adc50","id":"108785977"},"108785978":{"data":null,"file":{"size":16801,"hash":"e4d3a5592b99724c79503bdc8b7e5ac0","filename":"arm_N_clean.png"},"has_thumbnail":true,"migrated_material":true,"name":"arm_N_clean","path":[],"preload":false,"revision":1,"scope":{"type":"project","id":1003175},"source":true,"source_asset_id":null,"tags":[],"task":null,"type":"texture","user_id":12,"branch_id":"f2b64d74-8ca2-4be6-a170-319e998df3f5","i18n":{},"_type":"http://sharejs.org/types/JSONv0","_v":1,"_m":{"mtime":1667310215052,"ctime":1667310214135},"_o":"636122876b3484452c0adc4a","id":"108785978"},"108785979":{"data":null,"file":{"size":13360,"hash":"8bdbb784714c2c7928bdb769288a1150","filename":"arm_E.png"},"has_thumbnail":true,"migrated_material":true,"name":"arm_E","path":[],"preload":false,"revision":1,"scope":{"type":"project","id":1003175},"source":true,"source_asset_id":null,"tags":[],"task":null,"type":"texture","user_id":12,"branch_id":"f2b64d74-8ca2-4be6-a170-319e998df3f5","i18n":{},"_type":"http://sharejs.org/types/JSONv0","_v":1,"_m":{"mtime":1667310215140,"ctime":1667310214135},"_o":"636122876b348472c10adc54","id":"108785979"},"108785980":{"data":null,"file":{"size":115555,"hash":"6e4ade2d57b3e0b27c7f67a027c471ca","filename":"arm_clean.png"},"has_thumbnail":true,"migrated_material":true,"name":"arm_clean","path":[],"preload":false,"revision":1,"scope":{"type":"project","id":1003175},"source":true,"source_asset_id":null,"tags":[],"task":null,"type":"texture","user_id":12,"branch_id":"f2b64d74-8ca2-4be6-a170-319e998df3f5","i18n":{},"_type":"http://sharejs.org/types/JSONv0","_v":1,"_m":{"mtime":1667310215054,"ctime":1667310214135},"_o":"636122876b348499340adc4b","id":"108785980"},"108785981":{"data":null,"file":{"size":91096,"hash":"70519e229aa964218c58bf3e9011c4c9","filename":"body_N_clean.png"},"has_thumbnail":true,"migrated_material":true,"name":"body_N_clean","path":[],"preload":false,"revision":1,"scope":{"type":"project","id":1003175},"source":true,"source_asset_id":null,"tags":[],"task":null,"type":"texture","user_id":12,"branch_id":"f2b64d74-8ca2-4be6-a170-319e998df3f5","i18n":{},"_type":"http://sharejs.org/types/JSONv0","_v":1,"_m":{"mtime":1667310215214,"ctime":1667310214135},"_o":"636122876b348412d00adc5a","id":"108785981"},"108785982":{"data":null,"file":{"size":35887,"hash":"5005ff2167a6e3bf0d11f19087b390cd","filename":"body_E.png"},"has_thumbnail":true,"migrated_material":true,"name":"body_E","path":[],"preload":false,"revision":1,"scope":{"type":"project","id":1003175},"source":true,"source_asset_id":null,"tags":[],"task":null,"type":"texture","user_id":12,"branch_id":"f2b64d74-8ca2-4be6-a170-319e998df3f5","i18n":{},"_type":"http://sharejs.org/types/JSONv0","_v":1,"_m":{"mtime":1667310215167,"ctime":1667310214135},"_o":"636122876b3484dc090adc58","id":"108785982"},"108785983":{"data":null,"file":{"size":392054,"hash":"42d72162bd207582314a191bf8e20de4","filename":"body_clean.png"},"has_thumbnail":true,"migrated_material":true,"name":"body_clean","path":[],"preload":false,"revision":1,"scope":{"type":"project","id":1003175},"source":true,"source_asset_id":null,"tags":[],"task":null,"type":"texture","user_id":12,"branch_id":"f2b64d74-8ca2-4be6-a170-319e998df3f5","i18n":{},"_type":"http://sharejs.org/types/JSONv0","_v":1,"_m":{"mtime":1667310215239,"ctime":1667310214135},"_o":"636122876b348413a20adc5d","id":"108785983"},"108785984":{"data":null,"file":{"size":184510,"hash":"74a6942f41cb475a10d7e9dc9c1ef755","filename":"env_01.png"},"has_thumbnail":true,"migrated_material":true,"name":"env_01","path":[],"preload":false,"revision":1,"scope":{"type":"project","id":1003175},"source":true,"source_asset_id":null,"tags":[],"task":null,"type":"texture","user_id":12,"branch_id":"f2b64d74-8ca2-4be6-a170-319e998df3f5","i18n":{},"_type":"http://sharejs.org/types/JSONv0","_v":1,"_m":{"mtime":1667310215045,"ctime":1667310214135},"_o":"636122876b348461e60adc47","id":"108785984"},"108785985":{"data":null,"file":{"size":28504,"hash":"be560c1c9dba7dbe216828a1794f771d","filename":"head_N_clean.png"},"has_thumbnail":true,"migrated_material":true,"name":"head_N_clean","path":[],"preload":false,"revision":1,"scope":{"type":"project","id":1003175},"source":true,"source_asset_id":null,"tags":[],"task":null,"type":"texture","user_id":12,"branch_id":"f2b64d74-8ca2-4be6-a170-319e998df3f5","i18n":{},"_type":"http://sharejs.org/types/JSONv0","_v":1,"_m":{"mtime":1667310215143,"ctime":1667310214135},"_o":"636122876b348453bc0adc56","id":"108785985"},"108785986":{"data":null,"file":{"size":8197,"hash":"3484d9e43c78160d1e9dc3537d1289f3","filename":"head_E.png"},"has_thumbnail":true,"migrated_material":true,"name":"head_E","path":[],"preload":false,"revision":1,"scope":{"type":"project","id":1003175},"source":true,"source_asset_id":null,"tags":[],"task":null,"type":"texture","user_id":12,"branch_id":"f2b64d74-8ca2-4be6-a170-319e998df3f5","i18n":{},"_type":"http://sharejs.org/types/JSONv0","_v":1,"_m":{"mtime":1667310215141,"ctime":1667310214135},"_o":"636122876b348493d20adc55","id":"108785986"},"108785987":{"data":null,"file":{"size":273614,"hash":"4ff21978b407841687a986e71884a471","filename":"head_clean.png"},"has_thumbnail":true,"migrated_material":true,"name":"head_clean","path":[],"preload":false,"revision":1,"scope":{"type":"project","id":1003175},"source":true,"source_asset_id":null,"tags":[],"task":null,"type":"texture","user_id":12,"branch_id":"f2b64d74-8ca2-4be6-a170-319e998df3f5","i18n":{},"_type":"http://sharejs.org/types/JSONv0","_v":1,"_m":{"mtime":1667310215227,"ctime":1667310214135},"_o":"636122876b34846e510adc5b","id":"108785987"},"108785988":{"data":null,"file":{"size":2210096,"hash":"50f5d2df6ff670e9b345c73bbb2712eb","filename":"Playbot.FBX"},"has_thumbnail":false,"migrated_material":true,"name":"Playbot","path":[],"preload":false,"revision":1,"scope":{"type":"project","id":1003175},"source":true,"source_asset_id":null,"tags":[],"task":null,"type":"scene","user_id":12,"branch_id":"f2b64d74-8ca2-4be6-a170-319e998df3f5","i18n":{},"_type":"http://sharejs.org/types/JSONv0","_v":1,"_m":{"mtime":1667310214665,"ctime":1667310214135},"_o":"636122866b3484be980adc3b","id":"108785988"},"108785989":{"data":null,"file":{"size":23908,"hash":"06afad049d059ea1e919faac866c4e0c","filename":"Playbot_run_animation.json"},"has_thumbnail":false,"migrated_material":true,"name":"Playbot_run","path":[],"preload":true,"revision":1,"scope":{"type":"project","id":1003175},"source":false,"source_asset_id":"108785996","tags":[],"task":null,"type":"animation","user_id":12,"branch_id":"f2b64d74-8ca2-4be6-a170-319e998df3f5","i18n":{},"_type":"http://sharejs.org/types/JSONv0","_v":1,"_m":{"mtime":1667310214625,"ctime":1667310214135},"_o":"636122866b348466fc0adc34","id":"108785989"},"108785990":{"data":null,"file":{"size":57387,"hash":"167cfa6caeb471ccba8be8635104436e","filename":"Playbot_idle_animation.json"},"has_thumbnail":false,"migrated_material":true,"name":"Playbot_idle","path":[],"preload":true,"revision":1,"scope":{"type":"project","id":1003175},"source":false,"source_asset_id":"108785993","tags":[],"task":null,"type":"animation","user_id":12,"branch_id":"f2b64d74-8ca2-4be6-a170-319e998df3f5","i18n":{},"_type":"http://sharejs.org/types/JSONv0","_v":1,"_m":{"mtime":1667310214650,"ctime":1667310214135},"_o":"636122866b34848b940adc38","id":"108785990"},"108785991":{"data":null,"file":{"size":23965,"hash":"1627f09d3bd56edc12bafc9151b5b740","filename":"Playbot_jump_animation.json"},"has_thumbnail":false,"migrated_material":true,"name":"Playbot_jump","path":[],"preload":true,"revision":1,"scope":{"type":"project","id":1003175},"source":false,"source_asset_id":"108785995","tags":[],"task":null,"type":"animation","user_id":12,"branch_id":"f2b64d74-8ca2-4be6-a170-319e998df3f5","i18n":{},"_type":"http://sharejs.org/types/JSONv0","_v":1,"_m":{"mtime":1667310214535,"ctime":1667310214135},"_o":"636122868908b10c002b4206","id":"108785991"},"108785992":{"data":null,"file":{"size":50708,"hash":"65d864d27c7ed8509a2b8657a26a7447","filename":"Playbot_die_animation.json"},"has_thumbnail":false,"migrated_material":true,"name":"Playbot_die","path":[],"preload":true,"revision":1,"scope":{"type":"project","id":1003175},"source":false,"source_asset_id":"108785994","tags":[],"task":null,"type":"animation","user_id":12,"branch_id":"f2b64d74-8ca2-4be6-a170-319e998df3f5","i18n":{},"_type":"http://sharejs.org/types/JSONv0","_v":1,"_m":{"mtime":1667310214638,"ctime":1667310214135},"_o":"636122866b348418030adc37","id":"108785992"},"108785993":{"data":null,"file":{"size":438368,"hash":"e56125fb4d97abe6be703caeddc2cf04","filename":"Playbot_idle.fbx"},"has_thumbnail":false,"migrated_material":true,"name":"Playbot_idle","path":[],"preload":false,"revision":1,"scope":{"type":"project","id":1003175},"source":true,"source_asset_id":null,"tags":[],"task":null,"type":"scene","user_id":12,"branch_id":"f2b64d74-8ca2-4be6-a170-319e998df3f5","i18n":{},"_type":"http://sharejs.org/types/JSONv0","_v":1,"_m":{"mtime":1667310214682,"ctime":1667310214135},"_o":"636122866b34843d290adc3e","id":"108785993"},"108785994":{"data":null,"file":{"size":400832,"hash":"8162c048152c5e05cfc7da10c2f69e99","filename":"Playbot_die.fbx"},"has_thumbnail":false,"migrated_material":true,"name":"Playbot_die","path":[],"preload":false,"revision":1,"scope":{"type":"project","id":1003175},"source":true,"source_asset_id":null,"tags":[],"task":null,"type":"scene","user_id":12,"branch_id":"f2b64d74-8ca2-4be6-a170-319e998df3f5","i18n":{},"_type":"http://sharejs.org/types/JSONv0","_v":1,"_m":{"mtime":1667310214807,"ctime":1667310214135},"_o":"636122866b348468950adc42","id":"108785994"},"108785995":{"data":null,"file":{"size":287232,"hash":"9040b98c96750e76b5a94529ac9cfb0c","filename":"Playbot_jump.fbx"},"has_thumbnail":false,"migrated_material":true,"name":"Playbot_jump","path":[],"preload":false,"revision":1,"scope":{"type":"project","id":1003175},"source":true,"source_asset_id":null,"tags":[],"task":null,"type":"scene","user_id":12,"branch_id":"f2b64d74-8ca2-4be6-a170-319e998df3f5","i18n":{},"_type":"http://sharejs.org/types/JSONv0","_v":1,"_m":{"mtime":1667310214758,"ctime":1667310214135},"_o":"636122866b348457060adc40","id":"108785995"},"108785996":{"data":null,"file":{"size":287120,"hash":"bc211c11a6315fd6ffb88bd1b1174672","filename":"Playbot_run.fbx"},"has_thumbnail":false,"migrated_material":true,"name":"Playbot_run","path":[],"preload":false,"revision":1,"scope":{"type":"project","id":1003175},"source":true,"source_asset_id":null,"tags":[],"task":null,"type":"scene","user_id":12,"branch_id":"f2b64d74-8ca2-4be6-a170-319e998df3f5","i18n":{},"_type":"http://sharejs.org/types/JSONv0","_v":1,"_m":{"mtime":1667310214705,"ctime":1667310214135},"_o":"636122866b348424bf0adc3f","id":"108785996"},"108785998":{"data":{"ambient":[0.588,0.588,0.588],"blendType":3,"bumpMapFactor":1,"cubeMapProjectionBox":{"center":[0,0,0],"halfExtents":[0.5,0.5,0.5]},"diffuseMap":108786002,"emissive":[0,0,0],"normalMap":108786001,"opacity":1,"shader":"phong","shininess":2,"specularMap":108786000,"useFog":true,"useLighting":true,"useSkybox":true,"useGammaTonemap":true,"alphaToCoverage":false,"opacityFadesSpecular":true,"alphaFade":1,"clearCoat":0,"clearCoatMap":null,"clearCoatMapChannel":"r","clearCoatMapUv":0,"clearCoatMapTiling":[1,1],"clearCoatMapOffset":[0,0],"clearCoatVertexColor":false,"clearCoatVertexColorChannel":"r","clearCoatGlossiness":1,"clearCoatGlossMap":null,"clearCoatGlossMapChannel":"r","clearCoatGlossMapUv":0,"clearCoatGlossMapTiling":[1,1],"clearCoatGlossMapOffset":[0,0],"clearCoatGlossVertexColor":false,"clearCoatGlossVertexColorChannel":"r","clearCoatBumpiness":1,"clearCoatNormalMap":null,"clearCoatNormalMapUv":0,"clearCoatNormalMapTiling":[1,1],"clearCoatNormalMapOffset":[0,0]},"file":null,"has_thumbnail":false,"migrated_material":true,"name":"Gun","path":[],"preload":true,"revision":1,"scope":{"type":"project","id":1003175},"source":false,"source_asset_id":"108786006","tags":[],"task":null,"type":"material","user_id":3171,"branch_id":"f2b64d74-8ca2-4be6-a170-319e998df3f5","i18n":{},"_type":"http://sharejs.org/types/JSONv0","_v":1,"_m":{"mtime":1667310221860,"ctime":1667310221321},"_o":"6361228d8908b143bf2b4260","id":"108785998"},"108785999":{"data":{"mapping":[{"material":108785998}]},"file":{"filename":"Handgun.json","hash":"f84347b67bece41c0501c0eb59333f8c","size":87158},"has_thumbnail":false,"migrated_material":true,"name":"Handgun","path":[],"preload":true,"revision":1,"scope":{"type":"project","id":1003175},"source":false,"source_asset_id":"108786006","tags":[],"task":null,"type":"model","user_id":3171,"branch_id":"f2b64d74-8ca2-4be6-a170-319e998df3f5","i18n":{},"_type":"http://sharejs.org/types/JSONv0","_v":1,"_m":{"mtime":1667310221852,"ctime":1667310221321},"_o":"6361228d8908b11f6b2b425f","id":"108785999"},"108786000":{"data":{"addressu":"repeat","addressv":"repeat","anisotropy":1,"magfilter":"linear","minfilter":"linear_mip_linear","name":"Handgun_SPEC","rgbm":false,"mipmaps":true},"file":{"size":138331,"hash":"dda3858b97adc01ac30e3db1e1ee0c83","filename":"Handgun_SPEC.jpg"},"has_thumbnail":true,"migrated_material":true,"name":"Handgun_SPEC","path":[],"preload":true,"revision":1,"scope":{"type":"project","id":1003175},"source":false,"source_asset_id":"108786003","tags":[],"task":null,"type":"texture","user_id":3171,"branch_id":"f2b64d74-8ca2-4be6-a170-319e998df3f5","i18n":{},"_type":"http://sharejs.org/types/JSONv0","_v":1,"_m":{"mtime":1667310221902,"ctime":1667310221321},"_o":"6361228d6b348417b10adc67","id":"108786000"},"108786001":{"data":{"addressu":"repeat","addressv":"repeat","anisotropy":1,"magfilter":"linear","minfilter":"linear_mip_linear","name":"Handgun_NORM","rgbm":false,"mipmaps":true},"file":{"size":184119,"hash":"4096143c4927f2f08ff12cb82547ee8e","filename":"Handgun_NORM.jpg"},"has_thumbnail":true,"migrated_material":true,"name":"Handgun_NORM","path":[],"preload":true,"revision":1,"scope":{"type":"project","id":1003175},"source":false,"source_asset_id":"108786004","tags":[],"task":null,"type":"texture","user_id":3171,"branch_id":"f2b64d74-8ca2-4be6-a170-319e998df3f5","i18n":{},"_type":"http://sharejs.org/types/JSONv0","_v":1,"_m":{"mtime":1667310222013,"ctime":1667310221321},"_o":"6361228e6b3484f6780adc6b","id":"108786001"},"108786002":{"data":{"addressu":"repeat","addressv":"repeat","anisotropy":1,"magfilter":"linear","minfilter":"linear_mip_linear","name":"Handgun_DIFF","rgbm":false,"mipmaps":true},"file":{"size":126628,"hash":"b13c29715b68c5651e7926029d12697f","filename":"Handgun_DIFF.jpg"},"has_thumbnail":true,"migrated_material":true,"name":"Handgun_DIFF","path":[],"preload":true,"revision":1,"scope":{"type":"project","id":1003175},"source":false,"source_asset_id":"108786005","tags":[],"task":null,"type":"texture","user_id":3171,"branch_id":"f2b64d74-8ca2-4be6-a170-319e998df3f5","i18n":{},"_type":"http://sharejs.org/types/JSONv0","_v":1,"_m":{"mtime":1667310221910,"ctime":1667310221321},"_o":"6361228d6b3484b4030adc68","id":"108786002"},"108786003":{"data":null,"file":{"size":177754,"hash":"1eba4b70e9c3da39071faeac680afeec","filename":"Handgun_SPEC.jpg"},"has_thumbnail":true,"migrated_material":true,"name":"Handgun_SPEC","path":[],"preload":false,"revision":1,"scope":{"type":"project","id":1003175},"source":true,"source_asset_id":null,"tags":[],"task":null,"type":"texture","user_id":3171,"branch_id":"f2b64d74-8ca2-4be6-a170-319e998df3f5","i18n":{},"_type":"http://sharejs.org/types/JSONv0","_v":1,"_m":{"mtime":1667310221865,"ctime":1667310221321},"_o":"6361228d8908b152932b4262","id":"108786003"},"108786004":{"data":null,"file":{"size":221230,"hash":"af8fcae6a889b427f6fecbbe6a72f5eb","filename":"Handgun_NORM.jpg"},"has_thumbnail":true,"migrated_material":true,"name":"Handgun_NORM","path":[],"preload":false,"revision":1,"scope":{"type":"project","id":1003175},"source":true,"source_asset_id":null,"tags":[],"task":null,"type":"texture","user_id":3171,"branch_id":"f2b64d74-8ca2-4be6-a170-319e998df3f5","i18n":{},"_type":"http://sharejs.org/types/JSONv0","_v":1,"_m":{"mtime":1667310222012,"ctime":1667310221321},"_o":"6361228e6b348454910adc6a","id":"108786004"},"108786005":{"data":null,"file":{"size":156192,"hash":"7b98ac756df5b142671f75dde79a2c66","filename":"Handgun_DIFF.jpg"},"has_thumbnail":true,"migrated_material":true,"name":"Handgun_DIFF","path":[],"preload":false,"revision":1,"scope":{"type":"project","id":1003175},"source":true,"source_asset_id":null,"tags":[],"task":null,"type":"texture","user_id":3171,"branch_id":"f2b64d74-8ca2-4be6-a170-319e998df3f5","i18n":{},"_type":"http://sharejs.org/types/JSONv0","_v":1,"_m":{"mtime":1667310221977,"ctime":1667310221321},"_o":"6361228d6b3484abf90adc69","id":"108786005"},"108786006":{"data":null,"file":{"size":614192,"hash":"3249a34656ef4b6f0f77ef7d3ef223f2","filename":"Handgun.fbx"},"has_thumbnail":false,"migrated_material":true,"name":"Handgun","path":[],"preload":false,"revision":1,"scope":{"type":"project","id":1003175},"source":true,"source_asset_id":null,"tags":[],"task":null,"type":"scene","user_id":3171,"branch_id":"f2b64d74-8ca2-4be6-a170-319e998df3f5","i18n":{},"_type":"http://sharejs.org/types/JSONv0","_v":1,"_m":{"mtime":1667310221897,"ctime":1667310221321},"_o":"6361228d8908b183d42b4266","id":"108786006"},"108786200":{"branch_id":"f2b64d74-8ca2-4be6-a170-319e998df3f5","_type":"http://sharejs.org/types/JSONv0","_v":1,"_m":{"ctime":1667310671844,"mtime":1667310671844},"scope":{"type":"project","id":1003175},"user_id":365659,"source_asset_id":null,"source":false,"tags":[],"name":"New Cubemap","revision":1,"preload":true,"exclude":false,"meta":null,"data":{"name":"New Cubemap","textures":[null,null,null,null,null,null],"minFilter":5,"magFilter":1,"anisotropy":1},"type":"cubemap","file":null,"path":[],"task":null,"i18n":{},"id":"108786200"},"108796285":{"branch_id":"f2b64d74-8ca2-4be6-a170-319e998df3f5","scope":{"type":"project","id":1003175},"user_id":365659,"source_asset_id":null,"source":false,"tags":[],"name":"ground","revision":1,"preload":true,"exclude":false,"meta":null,"data":{"ambient":[0,0,0],"ambientTint":false,"aoMap":null,"aoMapChannel":"r","aoMapUv":0,"aoMapTiling":[1,1],"aoMapOffset":[0,0],"aoMapRotation":0,"diffuse":[0.14901960784313725,0.7372549019607844,0.17254901960784313],"diffuseMap":null,"diffuseMapChannel":"rgb","diffuseMapUv":0,"diffuseMapTiling":[1,1],"diffuseMapOffset":[0,0],"diffuseMapRotation":0,"specular":[0.23,0.23,0.23],"specularMap":null,"specularMapChannel":"rgb","specularMapUv":0,"specularMapTiling":[1,1],"specularMapOffset":[0,0],"specularMapRotation":0,"specularAntialias":true,"occludeSpecular":1,"specularityFactor":1,"specularityFactorMap":null,"specularityFactorMapChannel":"r","specularityFactorMapUv":0,"specularityFactorMapTiling":[1,1],"specularityFactorMapOffset":[0,0],"specularityFactorMapRotation":0,"enableGGXSpecular":false,"anisotropy":0,"useMetalness":false,"metalness":1,"metalnessMap":null,"metalnessMapChannel":"r","metalnessMapUv":0,"metalnessMapTiling":[1,1],"metalnessMapOffset":[0,0],"metalnessMapRotation":0,"useMetalnessSpecularColor":false,"conserveEnergy":true,"shininess":32,"glossMap":null,"glossMapChannel":"r","glossMapUv":0,"glossMapTiling":[1,1],"glossMapOffset":[0,0],"glossMapRotation":0,"clearCoat":0,"clearCoatMap":null,"clearCoatMapChannel":"r","clearCoatMapUv":0,"clearCoatMapTiling":[1,1],"clearCoatMapOffset":[0,0],"clearCoatMapRotation":0,"clearCoatVertexColor":false,"clearCoatVertexColorChannel":"r","clearCoatGlossiness":1,"clearCoatGlossMap":null,"clearCoatGlossMapChannel":"r","clearCoatGlossMapUv":0,"clearCoatGlossMapTiling":[1,1],"clearCoatGlossMapOffset":[0,0],"clearCoatGlossMapRotation":0,"clearCoatGlossVertexColor":false,"clearCoatGlossVertexColorChannel":"r","clearCoatBumpiness":1,"clearCoatNormalMap":null,"clearCoatNormalMapUv":0,"clearCoatNormalMapTiling":[1,1],"clearCoatNormalMapOffset":[0,0],"clearCoatNormalMapRotation":0,"useSheen":false,"sheen":[0,0,0],"sheenMap":null,"sheenMapChannel":"rgb","sheenMapUv":0,"sheenMapTiling":[1,1],"sheenMapOffset":[0,0],"sheenMapRotation":0,"sheenGloss":0,"sheenGlossMap":null,"sheenGlossMapChannel":"r","sheenGlossMapUv":0,"sheenGlossMapTiling":[1,1],"sheenGlossMapOffset":[0,0],"sheenGlossMapRotation":0,"fresnelModel":0,"emissive":[0,0,0],"emissiveMap":null,"emissiveMapChannel":"rgb","emissiveMapUv":0,"emissiveMapTiling":[1,1],"emissiveMapOffset":[0,0],"emissiveMapRotation":0,"emissiveIntensity":1,"normalMap":null,"normalMapUv":0,"normalMapTiling":[1,1],"normalMapOffset":[0,0],"normalMapRotation":0,"bumpMapFactor":1,"useDynamicRefraction":false,"refraction":0,"refractionMap":null,"refractionMapChannel":"r","refractionMapUv":0,"refractionMapTiling":[1,1],"refractionMapOffset":[0,0],"refractionMapRotation":0,"refractionVertexColor":false,"refractionVertexColorChannel":"r","refractionIndex":0.6666666666666666,"thickness":0,"thicknessMap":null,"thicknessMapChannel":"r","thicknessMapUv":0,"thicknessMapTiling":[1,1],"thicknessMapOffset":[0,0],"thicknessMapRotation":0,"thicknessVertexColor":false,"thicknessVertexColorChannel":"r","attenuation":[1,1,1],"attenuationDistance":0,"useIridescence":false,"iridescence":0,"iridescenceMap":null,"iridescenceMapChannel":"r","iridescenceMapUv":0,"iridescenceMapTiling":[1,1],"iridescenceMapOffset":[0,0],"iridescenceMapRotation":0,"iridescenceRefractionIndex":0.667,"iridescenceThicknessMap":null,"iridescenceThicknessMapChannel":"r","iridescenceThicknessMapUv":0,"iridescenceThicknessMapTiling":[1,1],"iridescenceThicknessMapOffset":[0,0],"iridescenceThicknessMapRotation":0,"iridescenceThicknessMin":0,"iridescenceThicknessMax":0,"heightMap":null,"heightMapChannel":"r","heightMapUv":0,"heightMapTiling":[1,1],"heightMapOffset":[0,0],"heightMapRotation":0,"heightMapFactor":1,"alphaToCoverage":false,"alphaTest":0,"alphaFade":1,"opacity":1,"opacityMap":null,"opacityMapChannel":"r","opacityMapUv":0,"opacityMapTiling":[1,1],"opacityMapOffset":[0,0],"opacityMapRotation":0,"opacityFadesSpecular":true,"reflectivity":1,"sphereMap":null,"cubeMap":null,"cubeMapProjection":0,"cubeMapProjectionBox":{"center":[0,0,0],"halfExtents":[0.5,0.5,0.5]},"lightMap":null,"lightMapChannel":"rgb","lightMapUv":0,"lightMapTiling":[1,1],"lightMapOffset":[0,0],"lightMapRotation":0,"depthTest":true,"depthWrite":true,"cull":1,"blendType":3,"shader":"blinn","useFog":true,"useLighting":true,"useSkybox":true,"useGammaTonemap":true},"type":"material","file":null,"path":[],"task":null,"i18n":{},"_type":"http://sharejs.org/types/JSONv0","_v":1,"_m":{"ctime":1667315077126,"mtime":1667315095927},"_o":"636135978908b179852c978b","id":"108796285"},"108801527":{"branch_id":"f2b64d74-8ca2-4be6-a170-319e998df3f5","scope":{"type":"project","id":1003175},"user_id":365659,"source_asset_id":null,"source":true,"tags":[],"name":"script","revision":1,"preload":false,"exclude":false,"meta":null,"data":null,"type":"folder","file":null,"path":[],"task":null,"i18n":{},"_type":"http://sharejs.org/types/JSONv0","_v":1,"_m":{"ctime":1667316352694,"mtime":1667316360255},"_o":"63613a88025d80a8ea9311c9","id":"108801527"},"108818678":{"branch_id":"f2b64d74-8ca2-4be6-a170-319e998df3f5","scope":{"type":"project","id":1003175},"user_id":365659,"source_asset_id":null,"source":false,"tags":[],"name":"oppgaver.js","revision":1,"preload":true,"exclude":false,"meta":null,"data":{"scripts":{"oppgaver":{"attributesOrder":[],"attributes":{}}},"loading":false,"loadingType":0},"type":"script","file":{"filename":"oppgaver.js","size":685,"hash":"1e304f415068e74e8c85ef5b6cddc857"},"path":[108801527],"task":null,"i18n":{},"_type":"http://sharejs.org/types/JSONv0","_v":1,"_m":{"ctime":1667319179065,"mtime":1667401838372},"_o":"6362886e9f6c6c38312c6ee0","id":"108818678"}}