{"1577493":{"branch_id":"f2b64d74-8ca2-4be6-a170-319e998df3f5","_type":"http://sharejs.org/types/JSONv0","project_id":1003175,"name":"Untitled","created":"2022-11-01T13:25:34.367Z","_v":1,"settings":{"physics":{"gravity":[0,-9.8,0]},"render":{"lightmapFilterRange":10,"fog_end":1000,"lightmapFilterEnabled":false,"ambientBake":false,"tonemapping":0,"lightingAreaLightsEnabled":false,"lightingShadowType":0,"ambientBakeOcclusionContrast":0,"skybox":null,"lightingCookieAtlasResolution":2048,"fog_density":0.01,"lightmapFilterSmoothness":0.2,"gamma_correction":1,"exposure":1,"lightingShadowsEnabled":true,"fog_start":1,"skyboxIntensity":1,"global_ambient":[0.2,0.2,0.2],"ambientBakeNumSamples":1,"fog_color":[0,0,0],"lightingCells":[10,3,10],"lightmapMode":1,"lightingCookiesEnabled":false,"clusteredLightingEnabled":true,"ambientBakeSpherePart":0.4,"fog":"none","ambientBakeOcclusionBrightness":0,"lightmapMaxResolution":2048,"lightingMaxLightsPerCell":255,"lightingShadowAtlasResolution":2048,"skyboxMip":0,"lightmapSizeMultiplier":16}},"scene":1577493,"entities":{"aa5ac586-59e8-11ed-87a1-de3c95142d1e":{"position":[0,0,0],"scale":[1,1,1],"name":"Root","parent":null,"resource_id":"aa5ac586-59e8-11ed-87a1-de3c95142d1e","components":{},"rotation":[0,0,0],"tags":[],"enabled":true,"children":["aa5ac716-59e8-11ed-87a1-de3c95142d1e","aa5ac81a-59e8-11ed-87a1-de3c95142d1e","aa5ac900-59e8-11ed-87a1-de3c95142d1e","aa5ac9dc-59e8-11ed-87a1-de3c95142d1e"]},"aa5ac9dc-59e8-11ed-87a1-de3c95142d1e":{"position":[0,0,0],"scale":[8,1,8],"name":"Plane","parent":"aa5ac586-59e8-11ed-87a1-de3c95142d1e","resource_id":"aa5ac9dc-59e8-11ed-87a1-de3c95142d1e","components":{"render":{"isStatic":false,"castShadows":true,"castShadowsLightmap":true,"rootBone":null,"lightmapped":false,"batchGroupId":null,"layers":[0],"receiveShadows":true,"enabled":true,"asset":null,"materialAssets":[null],"type":"plane","lightmapSizeMultiplier":1}},"rotation":[0,0,0],"tags":[],"enabled":true,"children":[]},"aa5ac900-59e8-11ed-87a1-de3c95142d1e":{"position":[0,0.5,0],"scale":[1,1,1],"name":"Box","parent":"aa5ac586-59e8-11ed-87a1-de3c95142d1e","resource_id":"aa5ac900-59e8-11ed-87a1-de3c95142d1e","components":{"render":{"isStatic":false,"castShadows":true,"castShadowsLightmap":true,"rootBone":null,"lightmapped":false,"batchGroupId":null,"layers":[0],"receiveShadows":true,"enabled":true,"asset":null,"materialAssets":[null],"type":"box","lightmapSizeMultiplier":1}},"rotation":[0,0,0],"tags":[],"enabled":true,"children":[]},"aa5ac716-59e8-11ed-87a1-de3c95142d1e":{"position":[4,3.5,4],"scale":[1,1,1],"name":"Camera","parent":"aa5ac586-59e8-11ed-87a1-de3c95142d1e","resource_id":"aa5ac716-59e8-11ed-87a1-de3c95142d1e","components":{"camera":{"projection":0,"farClip":1000,"clearColorBuffer":true,"layers":[0,1,2,3,4],"priority":0,"fov":45,"clearDepthBuffer":true,"frustumCulling":true,"clearColor":[0.118,0.118,0.118,1],"enabled":true,"orthoHeight":4,"nearClip":0.1,"rect":[0,0,1,1]}},"rotation":[-30,45,0],"tags":[],"enabled":true,"children":[]},"aa5ac81a-59e8-11ed-87a1-de3c95142d1e":{"position":[2,2,-2],"scale":[1,1,1],"name":"Light","parent":"aa5ac586-59e8-11ed-87a1-de3c95142d1e","resource_id":"aa5ac81a-59e8-11ed-87a1-de3c95142d1e","components":{"light":{"castShadows":true,"isStatic":false,"vsmBlurSize":11,"shadowUpdateMode":2,"normalOffsetBias":0.05,"color":[1,1,1],"bakeArea":0,"numCascades":1,"outerConeAngle":45,"bakeNumSamples":1,"affectDynamic":true,"intensity":1,"bakeDir":true,"cookieAngle":0,"affectLightmapped":false,"cookieChannel":"rgb","innerConeAngle":40,"shadowBias":0.2,"bake":false,"falloffMode":0,"cookieAsset":null,"vsmBias":0.01,"layers":[0],"cookieIntensity":1,"cascadeDistribution":0.5,"cookieOffset":[0,0],"shadowResolution":1024,"cookieScale":[1,1],"enabled":true,"shape":0,"range":8,"vsmBlurMode":1,"shadowDistance":16,"type":"directional","cookieFalloff":true,"shadowType":0}},"rotation":[45,135,0],"tags":[],"enabled":true,"children":[]}},"_m":{"ctime":1667309134367.968,"mtime":1667309134367.968},"checkpoint_id":"1764aab9-46df-4afe-8c65-bc7c50f4c730","id":"1577493"},"1577494":{"branch_id":"f2b64d74-8ca2-4be6-a170-319e998df3f5","scene":1577494,"project_id":1003175,"name":"jaaa","settings":{"physics":{"gravity":[0,-9.8,0]},"render":{"fog_end":1000,"fog_start":1,"global_ambient":[0.2,0.2,0.2],"fog_color":[0,0,0],"fog":"none","fog_density":0.01,"gamma_correction":1,"tonemapping":0,"exposure":1,"skybox":null,"skyboxIntensity":1,"skyboxRotation":[0,0,0],"skyboxMip":0,"lightmapSizeMultiplier":16,"lightmapMaxResolution":2048,"lightmapMode":1,"lightmapFilterEnabled":false,"lightmapFilterRange":10,"lightmapFilterSmoothness":0.2,"ambientBake":false,"ambientBakeNumSamples":1,"ambientBakeSpherePart":0.4,"ambientBakeOcclusionBrightness":0,"ambientBakeOcclusionContrast":0,"clusteredLightingEnabled":true,"lightingCells":[10,3,10],"lightingMaxLightsPerCell":255,"lightingCookieAtlasResolution":2048,"lightingShadowAtlasResolution":2048,"lightingShadowType":0,"lightingCookiesEnabled":false,"lightingAreaLightsEnabled":false,"lightingShadowsEnabled":true}},"entities":{"767133cb-75fe-40f3-a3b3-8ea374e50331":{"name":"Root","parent":null,"resource_id":"767133cb-75fe-40f3-a3b3-8ea374e50331","tags":[],"enabled":true,"components":{},"scale":[1,1,1],"position":[0,0,0],"rotation":[0,0,0],"children":["32a997dd-70e9-41ad-a3c8-33d337f7da90","c4a726e2-5a07-47bf-a247-6bc082159900","28ff1bff-ed2b-47ff-bead-3b768874de11","30611153-6d3b-4766-8a70-aa5a55c25b8b","e8b29f5a-2a41-46dd-9b06-3bbb0d71153c","d0deef21-5e16-48b9-a8be-61039f962ca1","b9d6d902-4c71-4cc1-a4f9-3b94d9aca6af"]},"32a997dd-70e9-41ad-a3c8-33d337f7da90":{"name":"Camera","parent":"767133cb-75fe-40f3-a3b3-8ea374e50331","resource_id":"32a997dd-70e9-41ad-a3c8-33d337f7da90","tags":[],"enabled":true,"components":{"camera":{"fov":45,"projection":0,"clearColor":[0.32941176470588235,0.1568627450980392,0.35294117647058826,1],"clearColorBuffer":true,"clearDepthBuffer":true,"frustumCulling":true,"enabled":true,"orthoHeight":4,"farClip":1000,"nearClip":0.1,"priority":0,"rect":[0,0,1,1],"layers":[0,1,2,3,4]}},"scale":[1,1,1],"position":[7.650853633880615,1.4383511543273926,0.42260105176074303],"rotation":[0,90,0],"children":[]},"c4a726e2-5a07-47bf-a247-6bc082159900":{"name":"Light","parent":"767133cb-75fe-40f3-a3b3-8ea374e50331","resource_id":"c4a726e2-5a07-47bf-a247-6bc082159900","tags":[],"enabled":true,"components":{"light":{"enabled":true,"bake":false,"bakeNumSamples":1,"bakeArea":0,"bakeDir":true,"affectDynamic":true,"affectLightmapped":false,"isStatic":false,"color":[1,1,1],"intensity":1,"type":"directional","shadowDistance":16,"range":8,"innerConeAngle":40,"outerConeAngle":45,"shape":0,"falloffMode":0,"castShadows":true,"shadowUpdateMode":2,"shadowType":0,"shadowResolution":1024,"shadowBias":0.4,"normalOffsetBias":0.05,"vsmBlurMode":1,"vsmBlurSize":11,"vsmBias":0.01,"cookieAsset":null,"cookieIntensity":1,"cookieFalloff":true,"cookieChannel":"rgb","cookieAngle":0,"cookieScale":[1,1],"cookieOffset":[0,0],"layers":[0]}},"scale":[1,1,1],"position":[2,2,-2],"rotation":[45,135,0],"children":[]},"28ff1bff-ed2b-47ff-bead-3b768874de11":{"name":"Plane","parent":"767133cb-75fe-40f3-a3b3-8ea374e50331","resource_id":"28ff1bff-ed2b-47ff-bead-3b768874de11","tags":[],"enabled":true,"components":{"render":{"enabled":true,"type":"plane","asset":null,"materialAssets":[108796285],"castShadows":true,"receiveShadows":true,"lightmapped":false,"lightmapSizeMultiplier":1,"castShadowsLightmap":true,"rootBone":null,"isStatic":false,"layers":[0],"batchGroupId":null}},"scale":[8,1,8],"position":[0,0,0],"rotation":[0,0,0],"children":[]},"30611153-6d3b-4766-8a70-aa5a55c25b8b":{"name":"Pumpkin","tags":[],"enabled":true,"resource_id":"30611153-6d3b-4766-8a70-aa5a55c25b8b","parent":"767133cb-75fe-40f3-a3b3-8ea374e50331","children":[],"position":[-2.920331380096255,0.04460540786385536,-0.00787819642573595],"rotation":[0,270,0],"scale":[4,4,4.05],"components":{"model":{"enabled":true,"type":"asset","asset":108785635,"materialAsset":null,"castShadows":true,"castShadowsLightmap":true,"receiveShadows":true,"lightmapped":false,"lightmapSizeMultiplier":1,"castShadowsLightMap":true,"lightMapped":false,"lightMapSizeMultiplier":1,"isStatic":false,"layers":[0],"batchGroupId":null},"script":{"enabled":true,"order":["oppgaver"],"scripts":{"oppgaver":{"enabled":true,"attributes":{}}}}}},"b9d6d902-4c71-4cc1-a4f9-3b94d9aca6af":{"name":"Playbot","tags":[],"enabled":true,"resource_id":"b9d6d902-4c71-4cc1-a4f9-3b94d9aca6af","parent":"767133cb-75fe-40f3-a3b3-8ea374e50331","children":[],"position":[3.256958484649658,-0.01163935661315918,0.07005572319030762],"rotation":[0,-90,0],"scale":[1,1,1],"components":{"model":{"enabled":true,"type":"asset","asset":108785961,"materialAsset":null,"castShadows":true,"castShadowsLightmap":true,"receiveShadows":true,"lightmapped":false,"lightmapSizeMultiplier":1,"castShadowsLightMap":true,"lightMapped":false,"lightMapSizeMultiplier":1,"isStatic":false,"layers":[0],"batchGroupId":null}}},"e8b29f5a-2a41-46dd-9b06-3bbb0d71153c":{"name":"Handgun","tags":[],"enabled":true,"resource_id":"e8b29f5a-2a41-46dd-9b06-3bbb0d71153c","parent":"767133cb-75fe-40f3-a3b3-8ea374e50331","children":[],"position":[3.3315677642822266,0.289947509765625,-0.18305564957320664],"rotation":[0,90,0],"scale":[1,1,1],"components":{"model":{"enabled":true,"type":"asset","asset":108785999,"materialAsset":null,"castShadows":true,"castShadowsLightmap":true,"receiveShadows":true,"lightmapped":false,"lightmapSizeMultiplier":1,"castShadowsLightMap":true,"lightMapped":false,"lightMapSizeMultiplier":1,"isStatic":false,"layers":[0],"batchGroupId":null}}},"d0deef21-5e16-48b9-a8be-61039f962ca1":{"name":"Box","tags":[],"enabled":true,"resource_id":"d0deef21-5e16-48b9-a8be-61039f962ca1","parent":"767133cb-75fe-40f3-a3b3-8ea374e50331","children":[],"position":[-1.887879213692733,3.1979563236236572,0],"rotation":[360,-90,0],"scale":[10,1,1],"components":{"render":{"enabled":true,"type":"box","asset":null,"materialAssets":[null],"layers":[0],"batchGroupId":null,"castShadows":false,"castShadowsLightmap":false,"receiveShadows":false,"lightmapped":false,"lightmapSizeMultiplier":1,"castShadowsLightMap":true,"lightMapped":false,"lightMapSizeMultiplier":1,"isStatic":false,"rootBone":null},"script":{"enabled":true,"order":["oppgaver"],"scripts":{"oppgaver":{"enabled":true,"attributes":{}}}}}}},"created":"2022-11-01T13:26:05.431Z","_type":"http://sharejs.org/types/JSONv0","_v":1,"_m":{"ctime":1667309165431,"mtime":1667401838358},"_o":"6362886e9f6c6c5f542c6edf","id":"1577494"}}